henry david;ngomo afang;y6554427q;usuariocon_barrabaja@dominio.tld;633352414;2004-12-03;masculino;ciempozuelos;madrid;28350;c/ caretos, 1, portal b1, piso 2b;esto es una pruebaesto es una pruebaesto es una pruebaesto es una pruebaesto es una pruebaesto es una pruebaesto es una pruebaesto es una pruebaesto es una pruebaesto es una pruebaesto es una pruebaesto es una pruebaesto es una prueba
henry david;ngomo afang;y6554427q;usuariocon_barrabaja@dominio.tld;633352414;2004-12-03;masculino;ciempozuelos;madrid;28350;c/ caretos, 1, portal b1, piso 2b;esto es una pruebaesto es una pruebaesto es una pruebaesto es una pruebaesto es una pruebaesto es una pruebaesto es una pruebaesto es una pruebaesto es una pruebaesto es una pruebaesto es una pruebaesto es una pruebaesto es una prueba
henry david;ngomo afang;y6554427q;usuariocon_barrabaja@dominio.tld;633352414;2004-12-03;masculino;ciempozuelos;madrid;28350;c/ caretos, 1, portal b1, piso 2b;esto es una pruebaesto es una pruebaesto es una pruebaesto es una pruebaesto es una pruebaesto es una pruebaesto es una pruebaesto es una pruebaesto es una pruebaesto es una pruebaesto es una pruebaesto es una pruebaesto es una prueba
henry david;ngomo afang;y6554427q;usuariocon_barrabaja@dominio.tld;633352414;2004-12-03;masculino;ciempozuelos;madrid;28350;c/ caretos, 1, portal b1, piso 2b;esto es una pruebaesto es una pruebaesto es una pruebaesto es una pruebaesto es una pruebaesto es una pruebaesto es una pruebaesto es una pruebaesto es una pruebaesto es una pruebaesto es una pruebaesto es una pruebaesto es una prueba
henry david;ngomo afang;y6554427q;usuariocon_barrabaja@dominio.tld;633352414;2004-12-03;masculino;ciempozuelos;madrid;28350;c/ caretos, 1, portal b1, piso 2b;esto es una pruebaesto es una pruebaesto es una pruebaesto es una pruebaesto es una pruebaesto es una pruebaesto es una pruebaesto es una pruebaesto es una pruebaesto es una pruebaesto es una pruebaesto es una pruebaesto es una prueba
henry david;ngomo afang;y6554427q;usuariocon_barrabaja@dominio.tld;633352414;2004-12-03;masculino;ciempozuelos;madrid;28350;c/ caretos, 1, portal b1, piso 2b;esto es una pruebaesto es una pruebaesto es una pruebaesto es una pruebaesto es una pruebaesto es una pruebaesto es una pruebaesto es una pruebaesto es una pruebaesto es una pruebaesto es una pruebaesto es una pruebaesto es una prueba
henry david;ngomo afang;y6554427q;usuariocon_barrabaja@dominio.tld;633352414;2004-12-03;masculino;ciempozuelos;madrid;28350;c/ caretos, 1, portal b1, piso 2b;esto es una pruebaesto es una pruebaesto es una pruebaesto es una pruebaesto es una pruebaesto es una pruebaesto es una pruebaesto es una pruebaesto es una pruebaesto es una pruebaesto es una pruebaesto es una pruebaesto es una prueba
henry david;ngomo afang;y6554427q;usuariocon_barrabaja@dominio.tld;633352414;2004-12-03;masculino;ciempozuelos;madrid;28350;c/ caretos, 1, portal b1, piso 2b;esto es una pruebaesto es una pruebaesto es una pruebaesto es una pruebaesto es una pruebaesto es una pruebaesto es una pruebaesto es una pruebaesto es una pruebaesto es una pruebaesto es una pruebaesto es una pruebaesto es una prueba
henry david;ngomo afang;y6554427q;usuariocon_barrabaja@dominio.tld;633352414;2004-12-03;masculino;ciempozuelos;madrid;28350;c/ caretos, 1, portal b1, piso 2b;esto es una pruebaesto es una pruebaesto es una pruebaesto es una pruebaesto es una pruebaesto es una pruebaesto es una pruebaesto es una pruebaesto es una pruebaesto es una pruebaesto es una pruebaesto es una pruebaesto es una prueba
henry david;ngomo afang;y6554427q;usuariocon_barrabaja@dominio.tld;633352414;2004-12-03;masculino;ciempozuelos;madrid;28350;c/ caretos, 1, portal b1, piso 2b;esto es una pruebaesto es una pruebaesto es una pruebaesto es una pruebaesto es una pruebaesto es una pruebaesto es una pruebaesto es una pruebaesto es una pruebaesto es una pruebaesto es una pruebaesto es una pruebaesto es una prueba
henry david;ngomo afang;y6554427q;usuariocon_barrabaja@dominio.tld;633352414;2004-12-03;masculino;ciempozuelos;madrid;28350;c/ caretos, 1, portal b1, piso 2b;esto es una pruebaesto es una pruebaesto es una pruebaesto es una pruebaesto es una pruebaesto es una pruebaesto es una pruebaesto es una pruebaesto es una pruebaesto es una pruebaesto es una pruebaesto es una pruebaesto es una prueba
henry david;ngomo afang;y6554427q;usuariocon_barrabaja@dominio.tld;633352414;2004-12-03;masculino;ciempozuelos;madrid;28350;c/ caretos, 1, portal b1, piso 2b;esto es una pruebaesto es una pruebaesto es una pruebaesto es una pruebaesto es una pruebaesto es una pruebaesto es una pruebaesto es una pruebaesto es una pruebaesto es una pruebaesto es una pruebaesto es una pruebaesto es una prueba
henry david;ngomo afang;y6554427q;usuariocon_barrabaja@dominio.tld;633352414;2004-12-03;masculino;ciempozuelos;madrid;28350;c/ caretos, 1, portal b1, piso 2b;esto es una pruebaesto es una pruebaesto es una pruebaesto es una pruebaesto es una pruebaesto es una pruebaesto es una pruebaesto es una pruebaesto es una pruebaesto es una pruebaesto es una pruebaesto es una pruebaesto es una prueba
henry david;ngomo afang;y6554427q;usuariocon_barrabaja@dominio.tld;633352414;2004-12-03;masculino;ciempozuelos;madrid;28350;c/ caretos, 1, portal b1, piso 2b;esto es una pruebaesto es una pruebaesto es una pruebaesto es una pruebaesto es una pruebaesto es una pruebaesto es una pruebaesto es una pruebaesto es una pruebaesto es una pruebaesto es una pruebaesto es una pruebaesto es una prueba
henry david;ngomo afang;y6554427q;usuariocon_barrabaja@dominio.tld;633352414;2004-12-03;masculino;ciempozuelos;madrid;28350;c/ caretos, 1, portal b1, piso 2b;esto es una pruebaesto es una pruebaesto es una pruebaesto es una pruebaesto es una pruebaesto es una pruebaesto es una pruebaesto es una pruebaesto es una pruebaesto es una pruebaesto es una pruebaesto es una pruebaesto es una prueba
henry david;ngomo afang;y6554427q;usu_barrabaja@dominio.tld;633352414;2004-12-03;masculino;ciempozuelos;madrid;28350;c/ caretos, 1, portal b1, piso 2b;esto es una pruebaesto es una pruebaesto es una pruebaesto es una pruebaesto es una pruebaesto es una pruebaesto es una pruebaesto es una pruebaesto es una pruebaesto es una pruebaesto es una pruebaesto es una pruebaesto es una prueba
henry david;ngomo afang;y6554427q;usu_barrabaja@dominio.tld;633352414;2004-12-03;masculino;ciempozuelos;madrid;28350;c/ caretos, 1, portal b1, piso 2b;esto es una pruebaesto es una pruebaesto es una pruebaesto es una pruebaesto es una pruebaesto es una pruebaesto es una pruebaesto es una pruebaesto es una pruebaesto es una pruebaesto es una pruebaesto es una pruebaesto es una prueba
henry david;ngomo afang;y6554427q;usu_barrabaja@dominio.tld;633352414;2004-12-03;masculino;ciempozuelos;madrid;28350;c/ caretos, 1, portal b1, piso 2b;esto es una pruebaesto es una pruebaesto es una pruebaesto es una pruebaesto es una pruebaesto es una pruebaesto es una pruebaesto es una pruebaesto es una pruebaesto es una pruebaesto es una pruebaesto es una pruebaesto es una prueba
henry david;ngomo afang;y6554427q;usu_barrabaja@dominio.tld;633352414;2004-12-03;masculino;ciempozuelos;madrid;28350;c/ caretos, 1, portal b1, piso 2b;esto es una pruebaesto es una pruebaesto es una pruebaesto es una pruebaesto es una pruebaesto es una pruebaesto es una pruebaesto es una pruebaesto es una pruebaesto es una pruebaesto es una pruebaesto es una pruebaesto es una prueba
henry david;ngomo afang;y6554427q;usu_barrabaja@dominio.tld;633352414;2004-12-03;masculino;ciempozuelos;madrid;28350;c/ caretos, 1, portal b1, piso 2b;esto es una pruebaesto es una pruebaesto es una pruebaesto es una pruebaesto es una pruebaesto es una pruebaesto es una pruebaesto es una pruebaesto es una pruebaesto es una pruebaesto es una pruebaesto es una pruebaesto es una prueba
henry david;ngomo afang;y6554427q;usu_barrabaja@dominio.tld;633352414;2004-12-03;masculino;ciempozuelos;madrid;28350;c/ caretos, 1, portal b1, piso 2b;esto es una pruebaesto es una pruebaesto es una pruebaesto es una pruebaesto es una pruebaesto es una pruebaesto es una pruebaesto es una pruebaesto es una pruebaesto es una pruebaesto es una pruebaesto es una pruebaesto es una prueba
henry david;ngomo afang;y6554427q;usu_barrabaja@dominio.tld;633352414;2004-12-03;masculino;ciempozuelos;madrid;28350;c/ caretos, 1, portal b1, piso 2b;esto es una pruebaesto es una pruebaesto es una pruebaesto es una pruebaesto es una pruebaesto es una pruebaesto es una pruebaesto es una pruebaesto es una pruebaesto es una pruebaesto es una pruebaesto es una pruebaesto es una prueba
henry david;ngomo afang;y6554427q;usu_barrabaja@dominio.tld;633352414;2004-12-03;masculino;ciempozuelos;madrid;28350;c/ caretos, 1, portal b1, piso 2b;esto es una pruebaesto es una pruebaesto es una pruebaesto es una pruebaesto es una pruebaesto es una pruebaesto es una pruebaesto es una pruebaesto es una pruebaesto es una pruebaesto es una pruebaesto es una pruebaesto es una prueba
henry david;ngomo afang;y6554427q;usu_barrabaja@dominio.tld;633352414;2004-12-03;masculino;ciempozuelos;madrid;28350;c/ caretos, 1, portal b1, piso 2b;esto es una pruebaesto es una pruebaesto es una pruebaesto es una pruebaesto es una pruebaesto es una pruebaesto es una pruebaesto es una pruebaesto es una pruebaesto es una pruebaesto es una pruebaesto es una pruebaesto es una prueba
henry david;ngomo afang;y6554427q;usu_barrabaja@dominio.tld;633352414;2004-12-03;masculino;ciempozuelos;madrid;28350;c/ caretos, 1, portal b1, piso 2b;esto es una pruebaesto es una pruebaesto es una pruebaesto es una pruebaesto es una pruebaesto es una pruebaesto es una pruebaesto es una pruebaesto es una pruebaesto es una pruebaesto es una pruebaesto es una pruebaesto es una prueba
henry david;ngomo afang;y6554427q;usu_barrabaja@dominio.tld;633352414;2004-12-03;masculino;ciempozuelos;madrid;28350;c/ caretos, 1, portal b1, piso 2b;esto es una pruebaesto es una pruebaesto es una pruebaesto es una pruebaesto es una pruebaesto es una pruebaesto es una pruebaesto es una pruebaesto es una pruebaesto es una pruebaesto es una pruebaesto es una pruebaesto es una prueba
henry david;ngomo afang;y6554427q;usu_barrabaja@dominio.tld;633352414;2004-12-03;masculino;ciempozuelos;madrid;28350;c/ caretos, 1, portal b1, piso 2b;esto es una pruebaesto es una pruebaesto es una pruebaesto es una pruebaesto es una pruebaesto es una pruebaesto es una pruebaesto es una pruebaesto es una pruebaesto es una pruebaesto es una pruebaesto es una pruebaesto es una prueba
henry david;ngomo afang;y6554427q;usu_barrabaja@dominio.tld;633352414;2004-12-03;masculino;ciempozuelos;madrid;28350;c/ caretos, 1, portal b1, piso 2b;esto es una pruebaesto es una pruebaesto es una pruebaesto es una pruebaesto es una pruebaesto es una pruebaesto es una pruebaesto es una pruebaesto es una pruebaesto es una pruebaesto es una pruebaesto es una pruebaesto es una prueba
henry david;ngomo afang;y6554427q;usu_barrabaja@dominio.tld;633352414;2004-12-03;masculino;ciempozuelos;madrid;28350;c/ caretos, 1, portal b1, piso 2b;esto es una pruebaesto es una pruebaesto es una pruebaesto es una pruebaesto es una pruebaesto es una pruebaesto es una pruebaesto es una pruebaesto es una pruebaesto es una pruebaesto es una pruebaesto es una pruebaesto es una prueba
henry david;ngomo afang;y6554427q;usu_barrabaja@dominio.tld;633352414;2004-12-03;masculino;ciempozuelos;madrid;28350;c/ caretos, 1, portal b1, piso 2b;esto es una pruebaesto es una pruebaesto es una pruebaesto es una pruebaesto es una pruebaesto es una pruebaesto es una pruebaesto es una pruebaesto es una pruebaesto es una pruebaesto es una pruebaesto es una pruebaesto es una prueba
henry david;ngomo afang;y6554427q;usu_barrabaja@dominio.tld;633352414;2004-12-03;masculino;ciempozuelos;madrid;28350;c/ caretos, 1, portal b1, piso 2b;esto es una pruebaesto es una pruebaesto es una pruebaesto es una pruebaesto es una pruebaesto es una pruebaesto es una pruebaesto es una pruebaesto es una pruebaesto es una pruebaesto es una pruebaesto es una pruebaesto es una prueba
henry david;ngomo afang;y6554427q;usu_barrabaja@dominio.tld;633352414;2004-12-03;masculino;ciempozuelos;madrid;28350;c/ caretos, 1, portal b1, piso 2b;esto es una pruebaesto es una pruebaesto es una pruebaesto es una pruebaesto es una pruebaesto es una pruebaesto es una pruebaesto es una pruebaesto es una pruebaesto es una pruebaesto es una pruebaesto es una pruebaesto es una prueba
henry david;ngomo afang;y6554427q;usu_barrabaja@dominio.tld;633352414;2004-12-03;masculino;ciempozuelos;madrid;28350;c/ caretos, 1, portal b1, piso 2b;esto es una pruebaesto es una pruebaesto es una pruebaesto es una pruebaesto es una pruebaesto es una pruebaesto es una pruebaesto es una pruebaesto es una pruebaesto es una pruebaesto es una pruebaesto es una pruebaesto es una prueba
henry david;ngomo afang;y6554427q;usu_barrabaja@dominio.tld;633352414;2004-12-03;masculino;ciempozuelos;madrid;28350;c/ caretos, 1, portal b1, piso 2b;esto es una pruebaesto es una pruebaesto es una pruebaesto es una pruebaesto es una pruebaesto es una pruebaesto es una pruebaesto es una pruebaesto es una pruebaesto es una pruebaesto es una pruebaesto es una pruebaesto es una prueba
henry david;ngomo afang;y6554427q;usu_barrabaja@dominio.tld;633352414;2004-12-03;masculino;ciempozuelos;madrid;28350;c/ caretos, 1, portal b1, piso 2b;esto es una pruebaesto es una pruebaesto es una pruebaesto es una pruebaesto es una pruebaesto es una pruebaesto es una pruebaesto es una pruebaesto es una pruebaesto es una pruebaesto es una pruebaesto es una pruebaesto es una prueba
henry david;ngomo afang;y6554427q;usu_barrabaja@dominio.tld;633352414;2004-12-03;masculino;ciempozuelos;madrid;28350;c/ caretos, 1, portal b1, piso 2b;esto es una pruebaesto es una pruebaesto es una pruebaesto es una pruebaesto es una pruebaesto es una pruebaesto es una pruebaesto es una pruebaesto es una pruebaesto es una pruebaesto es una pruebaesto es una pruebaesto es una prueba
henry david;ngomo afang;y6554427q;usu_barrabaja@dominio.tld;633352414;2004-12-03;masculino;ciempozuelos;madrid;28350;c/ caretos, 1, portal b1, piso 2b;esto es una pruebaesto es una pruebaesto es una pruebaesto es una pruebaesto es una pruebaesto es una pruebaesto es una pruebaesto es una pruebaesto es una pruebaesto es una pruebaesto es una pruebaesto es una pruebaesto es una prueba
henry david;ngomo afang;y6554427q;usu_barrabaja@dominio.tld;633352414;2004-12-03;masculino;ciempozuelos;madrid;28350;c/ caretos, 1, portal b1, piso 2b;esto es una pruebaesto es una pruebaesto es una pruebaesto es una pruebaesto es una pruebaesto es una pruebaesto es una pruebaesto es una pruebaesto es una pruebaesto es una pruebaesto es una pruebaesto es una pruebaesto es una prueba
henry david;ngomo afang;y6554427q;usu_barrabaja@dominio.tld;633352414;2004-12-03;masculino;ciempozuelos;madrid;28350;c/ caretos, 1, portal b1, piso 2b;esto es una pruebaesto es una pruebaesto es una pruebaesto es una pruebaesto es una pruebaesto es una pruebaesto es una pruebaesto es una pruebaesto es una pruebaesto es una pruebaesto es una pruebaesto es una pruebaesto es una prueba
henry david;ngomo afang;y6554427q;usu_barrabaja@dominio.tld;633352414;2004-12-03;masculino;ciempozuelos;madrid;28350;c/ caretos, 1, portal b1, piso 2b;esto es una pruebaesto es una pruebaesto es una pruebaesto es una pruebaesto es una pruebaesto es una pruebaesto es una pruebaesto es una pruebaesto es una pruebaesto es una pruebaesto es una pruebaesto es una pruebaesto es una prueba
henry david;ngomo afang;y6554427q;usu_barrabaja@dominio.tld;633352414;2004-12-03;masculino;ciempozuelos;madrid;28350;c/ caretos, 1, portal b1, piso 2b;esto es una pruebaesto es una pruebaesto es una pruebaesto es una pruebaesto es una pruebaesto es una pruebaesto es una pruebaesto es una pruebaesto es una pruebaesto es una pruebaesto es una pruebaesto es una pruebaesto es una prueba
